[Header],,,,,,,,,
IEMFileVersion,4,,,,,,,,
Investigator Name,,,,,,,,,
Experiment Name,,,,,,,,,
Date,,,,,,,,,
Workflow,GenerateFASTQ,,,,,,,,
Application,FASTQ Only,,,,,,,,
Assay,TruSeq HT,,,,,,,,
Description,,,,,,,,,
Chemistry,Amplicon,,,,,,,,
,,,,,,,,,
[Reads],,,,,,,,,
,,,,,,,,,
,,,,,,,,,
[Settings],,,,,,,,,
,,,,,,,,,
[Data],,,,,,,,,
Sample_ID,Sample_Name,Sample_Plate,Sample_Well,I7_Index_ID,index,I5_Index_ID,index2,Sample_Project,Description
1,,,A1,S762,TTACCGAC,S512,CGTATTCG,,
2,,,B1,S713,TCGTCTGA,S586,TCAAGGAC,,
3,,,C1,S736,TTCCAGGT,S543,AAGCACTG,,
4,,,D1,S709,TACGGTCT,S575,GCAATGGA,,
5,,,E1,S732,AAGACCGT,S550,CAATCGAC,,
6,,,F1,S774,CAGGTTCA,S506,GGCGTTAT,,
7,,,G1,S747,TAGGAGCT,S524,GTTAAGGC,,
8,,,H1,S794,TACTCCAG,S590,CCTATACC,,
9,,,A2,S729,AGTGACCT,S591,CTCCTAGA,,
10,,,B2,S777,AGCCTATC,S526,GTTACGCA,,
11,,,C2,S772,TCATCTCC,S567,CTAGCAAG,,
12,,,D2,S725,CCAGTATC,S538,ATCTCGCT,,
13,,,E2,S755,TTGCGAGA,S566,GTGCCATA,,
14,,,F2,S760,GAACGAAG,S511,GGTGATTC,,
15,,,G2,S716,CGAATTGC,S559,CACCTTAC,,
16,,,H2,S708,GGAAGAGA,S521,TTCTCTCG,,
17,,,A3,S702,TCGGATTC,S523,TAGTTGCG,,
18,,,B3,S796,CTGTACCA,S507,AGTCTGTG,,
19,,,C3,S757,GAGAGTAC,S545,TGCTTCCA,,
20,,,D3,S783,TCTACGCA,S546,GGCTATTG,,
21,,,E3,S722,GCAATTCC,S578,TGTTCGAG,,
22,,,F3,S710,CTCAGAAG,S581,AACTTGCC,,
23,,,G3,S770,GTCCTAAG,S540,TGGTAGCT,,
24,,,H3,S734,GCGTTAGA,S592,GTATGCTG,,
25,,,A4,S763,CAAGGTAC,S505,GAGATACG,,
26,,,B4,S797,AGACCTTG,S501,GCACGTAA,,
27,,,C4,S735,GTCGTTAC,S554,GCTTAGCT,,
28,,,D4,S727,GTAACCGA,S598,GGTGTCTT,,
29,,,E4,S742,GAATCCGT,S551,TGGAGTTG,,
30,,,F4,S795,CATGAGCA,S517,GCAAGATC,,
31,,,G4,S749,CTTAGGAC,S565,CAGTGAAG,,
32,,,H4,S773,ATCTGACC,S593,AAGTCGAG,,
33,,,A5,S769,TCCTCATG,S519,AGGTGTAC,,
34,,,B5,S752,AGGATAGC,S544,AACCTTGG,,
35,,,C5,S704,GGAGGAAT,S585,AACCGTTC,,
36,,,D5,S715,GACGTCAT,S518,TCAACTGG,,
37,,,E5,S753,CCGCTTAA,S548,ACGATGAC,,
38,,,F5,S758,GACGAACT,S568,TCGCATTG,,
39,,,G5,S784,TCCACGTT,S541,GTTCAACC,,
40,,,H5,S714,AACCAGAG,S520,AACCGAAG,,
41,,,A6,S771,GTCAGTCA,S531,TAATGCCG,,
42,,,B6,S779,CCTTCCAT,S589,ATTGCGTG,,
43,,,C6,S788,AGGAACAC,S587,GACATTCC,,
44,,,D6,S739,CTTACAGC,S503,CTTCACCA,,
45,,,E6,S737,TACCTGCA,S576,TGATGTCC,,
46,,,F6,S728,AGACGCTA,S582,TGTACACC,,
47,,,G6,S780,CAACACAG,S530,TGGCTATC,,
48,,,H6,S761,GTACCACA,S533,TGTTGTGG,,
49,,,A7,S712,CGAATACG,S562,GTCGGTAA,,
50,,,B7,S786,GTCCTTGA,S513,TCAGACGA,,
51,,,C7,S743,CAGTGCTT,S536,ACCTGGAA,,
52,,,D7,S775,TCCATTGC,S509,AGACCGTA,,
53,,,E7,S750,GTCGATTG,S532,ACGGTCTT,,
54,,,F7,S706,ATAACGCC,S574,TGAACCTG,,
55,,,G7,S724,GCCTTAAC,S547,AGCTCCTA,,
56,,,H7,S790,GGTATAGG,S594,CTGGAGTA,,
57,,,A8,S791,TCTAGGAG,S529,AGGTCACT,,
58,,,B8,S726,TGCGTAAC,S577,GATAGGCT,,
59,,,C8,S767,CTTGCTAG,S572,GGAGATGA,,
60,,,D8,S738,AGCGAGAT,S525,GATACTGG,,
61,,,E8,S766,TATGGCAC,S555,TCTCGCAA,,
62,,,F8,S711,GAATCACC,S560,CTTCGTTC,,
63,,,G8,S759,GTAAGGTG,S516,GCAATTCG,,
64,,,H8,S721,CGAGAGAA,S508,TCTCTTCC,,
65,,,A9,S723,CGCAACTA,S502,GAATCCGA,,
66,,,B9,S707,CACAGACT,S596,TGGTACAG,,
67,,,C9,S745,TGGAAGCA,S557,GTACTCTC,,
68,,,D9,S746,CAATAGCC,S583,TGCGTAGA,,
69,,,E9,S778,CTCGAACA,S522,GGAATTGC,,
70,,,F9,S781,GGCAAGTT,S510,CTTCTGAG,,
71,,,G9,S740,AGCTACCA,S570,CTTAGGAC,,
72,,,H9,S792,CAGCATAC,S534,TCTAACGC,,
73,,,A10,S705,CGTATCTC,S563,GTACCTTG,,
74,,,B10,S701,TTACGTGC,S597,CAAGGTCT,,
75,,,C10,S754,AGCTAAGC,S535,GTAACGAC,,
76,,,D10,S798,AAGACACC,S527,TCGGTTAC,,
77,,,E10,S751,CAACTCCA,S542,ACGGATTC,,
78,,,F10,S717,GATCTTGC,S595,TGCTCATG,,
79,,,G10,S765,CTTCACTG,S549,GTCCTAAG,,
80,,,H10,S793,CTCGACTT,S573,GGTCAGAT,,
81,,,A11,S719,GTACACCT,S569,CATGAGGA,,
82,,,B11,S744,CCAAGGTT,S552,GCTATCCT,,
83,,,C11,S785,GAACGGTT,S504,ATTCCTCC,,
84,,,D11,S718,CCAGTTGA,S515,ATGACGTC,,
85,,,E11,S748,GTCATCGT,S553,TTAAGCGG,,
86,,,F11,S768,CAATGCGA,S558,AGTTCGTC,,
87,,,G11,S741,GGTTGAAC,S584,AACGTGGA,,
88,,,H11,S720,CTTCGGTT,S514,CTCTGGTT,,
89,,,A12,S731,CGGCATTA,S571,TGACTGAC,,
90,,,B12,S789,CACGCAAT,S579,ATGGAAGG,,
91,,,C12,S787,GGAATGTC,S588,GTGTTCCT,,
92,,,D12,S703,TGGTGAAG,S539,GCTGTAAG,,
93,,,E12,S776,GGACATCA,S537,TGCAGGTA,,
94,,,F12,S782,GGTGTACA,S528,TAGCGTCT,,
95,,,G12,S730,GATAGCCA,S580,CTGTGTTG,,
96,,,H12,S733,CCACAACA,S561,TGTGGTAC,,
